{
  "main": {
    "id": "2aec19c7a391b0b1",
    "type": "split",
    "children": [
      {
        "id": "3a578cb9b9f321b3",
        "type": "tabs",
        "children": [
          {
            "id": "78db6a19596422d3",
            "type": "leaf",
            "state": {
              "type": "markdown",
              "state": {
                "file": "test.md",
                "mode": "source",
                "source": false
              }
            }
          }
        ]
      }
    ],
    "direction": "vertical"
  },
  "left": {
    "id": "9dbacccde511f84a",
    "type": "split",
    "children": [
      {
        "id": "ddf52bbb70607a46",
        "type": "tabs",
        "children": [
          {
            "id": "e9d7fe0ef8fd4f5a",
            "type": "leaf",
            "state": {
              "type": "file-explorer",
              "state": {
                "sortOrder": "alphabetical"
              }
            }
          },
          {
            "id": "cec7a160e5f77a4a",
            "type": "leaf",
            "state": {
              "type": "search",
              "state": {
                "query": "",
                "matchingCase": false,
                "explainSearch": false,
                "collapseAll": false,
                "extraContext": false,
                "sortOrder": "alphabetical"
              }
            }
          },
          {
            "id": "053648f044bb0fee",
            "type": "leaf",
            "state": {
              "type": "starred",
              "state": {}
            }
          }
        ]
      }
    ],
    "direction": "horizontal",
    "width": 300
  },
  "right": {
    "id": "33cc517c58150524",
    "type": "split",
    "children": [
      {
        "id": "48d315e2f36e7284",
        "type": "tabs",
        "children": [
          {
            "id": "6013ab4b744b2f54",
            "type": "leaf",
            "state": {
              "type": "backlink",
              "state": {
                "file": "test.md",
                "collapseAll": false,
                "extraContext": false,
                "sortOrder": "alphabetical",
                "showSearch": false,
                "searchQuery": "",
                "backlinkCollapsed": false,
                "unlinkedCollapsed": true
              }
            }
          },
          {
            "id": "748f296e229ab06e",
            "type": "leaf",
            "state": {
              "type": "outgoing-link",
              "state": {
                "file": "test.md",
                "linksCollapsed": false,
                "unlinkedCollapsed": true
              }
            }
          },
          {
            "id": "fd6e614f7a7f3e2e",
            "type": "leaf",
            "state": {
              "type": "tag",
              "state": {
                "sortOrder": "frequency",
                "useHierarchy": true
              }
            }
          },
          {
            "id": "9681506ffc225414",
            "type": "leaf",
            "state": {
              "type": "outline",
              "state": {
                "file": "test.md"
              }
            }
          }
        ]
      }
    ],
    "direction": "horizontal",
    "width": 300,
    "collapsed": true
  },
  "left-ribbon": {
    "hiddenItems": {
      "switcher:Open quick switcher": false,
      "graph:Open graph view": false,
      "canvas:Create new canvas": false,
      "daily-notes:Open today's daily note": false,
      "templates:Insert template": false,
      "command-palette:Open command palette": false,
      "obsidian-markbase:Sync all Markbase projects": false
    }
  },
  "active": "78db6a19596422d3",
  "lastOpenFiles": [
    "Informacni deska.md",
    "test.md",
    "Informační deska.md",
    "ITA/Informační deska.md",
    "ITA/Projekty.md",
    "ITA/Kdo jsme?.md",
    "Ahoj.md",
    "ITA.md",
    "ITA",
    "Untitled 1.canvas",
    "Untitled.canvas",
    "TEST.md",
    "2023-03-30.md",
    "ITA/Informační deska ITA, družstvo.md",
    "Personal/Tohle je moje personal věc!.md",
    "Untitled 1.md",
    "Personal",
    "ITA",
    "ITA/ITA a3.png",
    "ITA a3.pdf.md",
    "ITA a3.pdf",
    "IMG_2574.jpg"
  ]
}